ticker,model,fold,test_start,test_end,accuracy,precision_macro,recall_macro,f1_macro
BAC,XGBClassifier,1,2019-05-24,2020-08-20,0.35668789808917195,0.3639092791266704,0.35593073593073593,0.35355315146586497
BAC,XGBClassifier,2,2020-08-21,2021-11-17,0.37261146496815284,0.38612855161959886,0.3956956042543844,0.3726273741536508
BAC,XGBClassifier,3,2021-11-18,2023-02-17,0.32802547770700635,0.31838805537435677,0.3210847621851007,0.31445466078149736
BAC,XGBClassifier,4,2023-02-21,2024-05-20,0.3343949044585987,0.3274754121091226,0.3281094159151063,0.32605201751524554
BAC,XGBClassifier,5,2024-05-21,2025-08-21,0.34394904458598724,0.35268497283001715,0.34377548135190344,0.3374294317684485
BAC,MLPClassifier,1,2019-05-24,2020-08-20,0.3853503184713376,0.34163283570420383,0.3526341991341992,0.3371352763939362
BAC,MLPClassifier,2,2020-08-21,2021-11-17,0.3057324840764331,0.3273613936264539,0.3303703183191624,0.3041771094402674
BAC,MLPClassifier,3,2021-11-18,2023-02-17,0.3535031847133758,0.3370820668693009,0.33528405327838695,0.3345523037386302
BAC,MLPClassifier,4,2023-02-21,2024-05-20,0.34394904458598724,0.34208492453173306,0.3356329495353189,0.3149859343249796
BAC,MLPClassifier,5,2024-05-21,2025-08-21,0.3375796178343949,0.36733405483405485,0.3303028489837963,0.29770819151350125
BAC,SVC,1,2019-05-24,2020-08-20,0.42356687898089174,0.41436014327580595,0.41757142857142854,0.40841568349348206
BAC,SVC,2,2020-08-21,2021-11-17,0.34394904458598724,0.32273457024087954,0.32493427304051997,0.3153505049498272
BAC,SVC,3,2021-11-18,2023-02-17,0.321656050955414,0.3509473684210526,0.3177266539112517,0.2550180147388522
BAC,SVC,4,2023-02-21,2024-05-20,0.37898089171974525,0.37417188337381263,0.36591387276514314,0.3473330471338472
BAC,SVC,5,2024-05-21,2025-08-21,0.3503184713375796,0.349915780141844,0.3517118775510683,0.3209125937044383
BAC,GaussianNB,1,2019-05-24,2020-08-20,0.4426751592356688,0.4288107337796778,0.44864718614718613,0.42246703396403995
BAC,GaussianNB,2,2020-08-21,2021-11-17,0.2929936305732484,0.3297927953616577,0.32017401422221886,0.29264343742319765
BAC,GaussianNB,3,2021-11-18,2023-02-17,0.3662420382165605,0.3855670221304896,0.40192557705987686,0.3572853883610856
BAC,GaussianNB,4,2023-02-21,2024-05-20,0.3057324840764331,0.31944789990767003,0.3283235181132222,0.2585013805856791
BAC,GaussianNB,5,2024-05-21,2025-08-21,0.28662420382165604,0.25524402907580473,0.30488631870652405,0.23154349832351884
NKE,XGBClassifier,1,2019-05-24,2020-08-20,0.3343949044585987,0.3357961053837342,0.3339071465832029,0.3288177339901478
NKE,XGBClassifier,2,2020-08-21,2021-11-17,0.31528662420382164,0.32413482040347713,0.31965764641431055,0.3096304827317588
NKE,XGBClassifier,3,2021-11-18,2023-02-17,0.4426751592356688,0.39956301309471326,0.40100357731936676,0.38188294511467635
NKE,XGBClassifier,4,2023-02-21,2024-05-20,0.37261146496815284,0.32757291272899197,0.3578158756339363,0.323184938162601
NKE,XGBClassifier,5,2024-05-21,2025-08-21,0.34394904458598724,0.3101281645126322,0.3265918613802517,0.30052004675282146
NKE,MLPClassifier,1,2019-05-24,2020-08-20,0.3248407643312102,0.4494037230948226,0.3923926273691532,0.2834665766085753
NKE,MLPClassifier,2,2020-08-21,2021-11-17,0.3821656050955414,0.2671830484330484,0.35374271627073056,0.23993490555252947
NKE,MLPClassifier,3,2021-11-18,2023-02-17,0.3503184713375796,0.3246109989822146,0.3234442944969261,0.32115866574952817
NKE,MLPClassifier,4,2023-02-21,2024-05-20,0.34394904458598724,0.3564377738030433,0.3561664957373398,0.33573973828261233
NKE,MLPClassifier,5,2024-05-21,2025-08-21,0.31528662420382164,0.31740561351217084,0.3417983772328836,0.2779001638884733
NKE,SVC,1,2019-05-24,2020-08-20,0.3662420382165605,0.325547201336675,0.3276995305164319,0.3191778822119943
NKE,SVC,2,2020-08-21,2021-11-17,0.35668789808917195,0.18640776699029127,0.32517555655162106,0.18106424959921077
NKE,SVC,3,2021-11-18,2023-02-17,0.4012738853503185,0.3694125159642401,0.36920185078079815,0.31599757628041203
NKE,SVC,4,2023-02-21,2024-05-20,0.37261146496815284,0.25032163742690056,0.3551021522997924,0.2872303907546198
NKE,SVC,5,2024-05-21,2025-08-21,0.3248407643312102,0.20886112225597522,0.3070284559166537,0.2284708431124752
NKE,GaussianNB,1,2019-05-24,2020-08-20,0.25796178343949044,0.354287556415216,0.3578942792557816,0.18919755637544053
NKE,GaussianNB,2,2020-08-21,2021-11-17,0.3184713375796178,0.38835616438356163,0.3397090316778138,0.19864739500557838
NKE,GaussianNB,3,2021-11-18,2023-02-17,0.3535031847133758,0.3550809197630784,0.3559015059015059,0.3395736355663496
NKE,GaussianNB,4,2023-02-21,2024-05-20,0.34394904458598724,0.36940272896990994,0.35047472536767427,0.31905955783650364
NKE,GaussianNB,5,2024-05-21,2025-08-21,0.34394904458598724,0.343147808714711,0.3366088945368191,0.2503644992815313
TSLA,XGBClassifier,1,2019-05-24,2020-08-20,0.3821656050955414,0.38139933569056045,0.3565459746468387,0.30161657987744944
TSLA,XGBClassifier,2,2020-08-21,2021-11-17,0.40445859872611467,0.3688209528917494,0.31430960814077696,0.2908232118758434
TSLA,XGBClassifier,3,2021-11-18,2023-02-17,0.44904458598726116,0.3956259126510022,0.38344337271355106,0.38583144750991066
TSLA,XGBClassifier,4,2023-02-21,2024-05-20,0.4012738853503185,0.4008650373729739,0.32385783448777544,0.3125099562158492
TSLA,XGBClassifier,5,2024-05-21,2025-08-21,0.42356687898089174,0.28568634026380507,0.32974018794914317,0.30555223499972106
TSLA,MLPClassifier,1,2019-05-24,2020-08-20,0.40764331210191085,0.28503380227518155,0.34271831344658005,0.2927917164476304
TSLA,MLPClassifier,2,2020-08-21,2021-11-17,0.4585987261146497,0.30454006254717997,0.33993342516069786,0.2672880061115355
TSLA,MLPClassifier,3,2021-11-18,2023-02-17,0.46178343949044587,0.30899949723479136,0.35568560077311284,0.32504732059407965
TSLA,MLPClassifier,4,2023-02-21,2024-05-20,0.42038216560509556,0.28333824168735183,0.3297422661130438,0.3039168433905276
TSLA,MLPClassifier,5,2024-05-21,2025-08-21,0.46496815286624205,0.30999455337690635,0.36194951170075546,0.3333411934855059
TSLA,SVC,1,2019-05-24,2020-08-20,0.3503184713375796,0.2703827573392791,0.33554732655420366,0.19594964422550631
TSLA,SVC,2,2020-08-21,2021-11-17,0.4585987261146497,0.15286624203821655,0.3333333333333333,0.20960698689956334
TSLA,SVC,3,2021-11-18,2023-02-17,0.45222929936305734,0.30152547874066865,0.34697018504599303,0.3226440651728008
TSLA,SVC,4,2023-02-21,2024-05-20,0.46496815286624205,0.31259738703104395,0.3649422062619235,0.3281081125007111
TSLA,SVC,5,2024-05-21,2025-08-21,0.46496815286624205,0.3098836340923595,0.3619310853141699,0.33351397626508955
TSLA,GaussianNB,1,2019-05-24,2020-08-20,0.3630573248407643,0.38349376114081996,0.36307896902368775,0.26282737346924095
TSLA,GaussianNB,2,2020-08-21,2021-11-17,0.4585987261146497,0.15286624203821655,0.3333333333333333,0.20960698689956334
TSLA,GaussianNB,3,2021-11-18,2023-02-17,0.42356687898089174,0.5082279751153923,0.32476632454502363,0.21579355388879198
TSLA,GaussianNB,4,2023-02-21,2024-05-20,0.37898089171974525,0.2038433908045977,0.3486908761264864,0.254931244134329
TSLA,GaussianNB,5,2024-05-21,2025-08-21,0.4012738853503185,0.21021897810218979,0.35061728395061725,0.25508413634402416
